Property_ID,Habitability_score
0013_01,0.38
0018_01,0.05
0019_01,1.0
0021_01,0.59
0023_01,0.31
0027_01,0.61
0029_01,1.0
0032_01,1.0
0032_02,1.0
0033_01,0.58
0037_01,0.39
0040_01,0.1
0040_02,0.53
0042_01,0.04
0046_01,0.08
0046_02,0.06
0046_03,0.16
0047_01,1.0
0047_02,0.69
0047_03,0.51
0048_01,0.5
0049_01,0.07
0054_01,1.0
0054_02,0.57
0054_03,0.57
0055_01,0.26
0057_01,0.53
0059_01,0.4
0060_01,0.47
0063_01,0.88
0065_01,0.3
0075_01,0.25
0079_01,0.91
0080_01,0.38
0083_01,0.39
0087_01,0.2
0089_01,1.0
0093_01,0.42
0094_01,0.12833333333333333
0094_02,0.06
0095_01,0.62
0096_01,0.2
0100_01,0.53
0100_02,0.86
0104_01,0.11
0106_01,0.5458333333333333
0109_01,0.18
0117_01,0.44
0118_01,0.83
0121_01,0.1
0124_01,0.6
0125_01,1.0
0125_02,0.31
0130_01,0.62
0131_01,0.5
0132_01,0.61
0135_01,0.2
0137_01,0.389
0142_01,0.95
0142_02,0.26
0142_03,1.0
0143_01,0.54
0145_01,0.11
0150_01,1.0
0150_02,1.0
0153_01,0.27
0154_01,0.446
0155_01,0.12
0156_01,0.57
0157_01,0.16
0158_01,0.56
0158_02,0.35
0159_01,0.08
0161_01,0.15
0162_01,0.98
0166_01,0.57
0168_01,1.0
0175_01,0.75
0175_02,0.74
0175_03,0.875
0175_04,0.38
0175_05,0.225
0176_01,0.17
0180_01,0.11
0184_01,0.55
0185_01,0.56
0187_01,0.98
0191_01,0.06
0194_01,1.0
0194_02,1.0
0194_03,0.21
0204_01,0.23
0208_01,0.43
0209_01,0.4
0214_01,0.17
0214_02,0.18
0215_01,0.37
0218_01,0.16
0226_01,0.49
0227_01,0.38
0228_01,1.0
0228_02,0.54
0228_03,1.0
0228_04,0.21
0230_01,0.79
0230_02,0.07
0235_01,0.68
0236_01,0.9
0238_01,0.15
0247_01,1.0
0247_02,1.0
0249_01,0.03
0256_01,0.39
0259_01,0.48
0262_01,0.17
0264_01,1.0
0264_02,1.0
0264_03,0.28
0266_01,0.07
0266_02,0.17
0268_01,0.07
0268_02,0.28
0271_01,0.17
0272_01,0.22
0273_01,0.69
0273_02,1.0
0273_03,0.03
0274_01,0.38
0274_02,0.48
0276_01,0.25
0276_02,0.98
0279_01,0.37
0280_01,0.56
0284_01,0.72
0292_01,0.33
0293_01,1.0
0295_01,0.16
0296_01,0.28
0299_01,0.25
0300_01,0.32
0308_01,0.19
0311_01,0.38
0312_01,0.44
0317_01,0.18
0318_01,0.7666666666666666
0319_01,0.34
0319_02,1.0
0323_01,0.9
0325_01,0.19
0328_01,0.75
0329_01,1.0
0332_01,0.445
0335_01,0.57
0339_01,0.33
0339_02,0.22
0339_03,0.41
0339_04,0.76
0339_05,0.7
0339_06,0.16
0339_07,0.26
0339_08,0.36
0342_01,0.39
0342_02,0.2
0344_01,0.99
0344_02,0.36
0349_01,0.03
0349_02,0.83
0349_03,0.37
0349_04,1.0
0349_05,0.3
0349_06,0.27
0351_01,1.0
0353_01,0.64
0353_02,0.85
0354_01,0.48
0362_01,0.75
0363_01,0.42
0363_02,0.5
0363_03,0.4533333333333333
0364_01,0.53
0364_02,0.16
0366_01,0.78
0367_01,0.19
0374_01,0.25
0374_02,0.09
0386_01,0.6
0390_01,0.48
0393_01,0.26
0394_01,0.61
0399_01,0.8066666666666668
0400_01,0.8
0404_01,0.67
0406_01,0.35
0414_01,0.26
0416_01,0.11
0418_01,0.17
0419_01,0.67
0419_02,0.83
0419_03,0.4
0420_01,0.45
0421_01,0.71
0422_01,0.14
0424_01,0.12
0426_01,0.17
0440_01,0.35
0443_01,0.17
0450_01,0.2
0451_01,1.0
0455_01,0.27
0464_01,0.47
0467_01,0.97
0467_02,1.0
0467_03,1.0
0467_04,0.66
0469_01,0.51
0473_01,0.22
0478_01,0.09
0478_02,1.0
0479_01,1.0
0483_01,0.97
0483_02,0.39
0484_01,1.0
0486_01,0.39
0489_01,0.6
0489_02,1.0
0491_01,0.29
0492_01,0.08
0493_01,0.32
0494_01,1.0
0494_02,0.52
0495_01,0.73
0495_02,0.7
0495_03,0.93
0495_04,0.22
0495_05,0.11
0495_06,0.62
0496_01,0.68
0496_02,0.82
0497_01,1.0
0505_01,0.36
0508_01,0.38
0509_01,0.09
0511_01,0.29
0514_01,0.795
0524_01,0.79
0526_01,0.42
0530_01,0.12
0530_02,0.12
0530_03,1.0
0532_01,0.17
0532_02,0.79
0535_01,0.29
0536_01,0.14
0536_02,0.17
0541_01,1.0
0543_01,0.41
0544_01,0.73
0554_01,0.03
0557_01,1.0
0557_02,0.99
0558_01,0.55
0562_01,0.22
0562_02,1.0
0574_01,0.2
0578_01,0.6441666666666667
0578_02,0.58
0584_01,0.2
0584_02,0.09
0592_01,0.4
0595_01,0.55
0601_01,0.54
0604_01,0.225
0605_01,0.24
0606_01,0.81
0613_01,1.0
0613_02,1.0
0616_01,0.25
0617_01,0.39
0620_01,0.07
0620_02,0.8
0620_03,0.77
0621_01,0.2
0622_01,0.4
0624_01,0.64
0625_01,1.0
0625_02,1.0
0625_03,1.0
0626_01,1.0
0626_02,0.8
0626_03,0.62
0627_01,0.58
0632_01,0.31
0632_02,0.16
0632_03,0.8116666666666665
0640_01,1.0
0640_02,1.0
0648_01,0.29
0648_02,0.21
0649_01,0.8375
0651_01,0.95
0652_01,0.87
0652_02,0.95
0652_03,0.91
0652_04,0.1
0652_05,0.6725
0654_01,0.47
0662_01,0.26
0666_01,0.7501666666666668
0666_02,0.61
0667_01,0.17
0670_01,0.3
0670_02,0.08
0673_01,0.87
0675_01,0.19
0676_01,0.13
0681_01,0.48350000000000004
0692_01,0.41
0694_01,0.5216666666666667
0695_01,0.8055
0698_01,0.11
0700_01,0.2
0706_01,0.97
0708_01,0.82
0708_02,1.0
0711_01,0.21
0716_01,0.28
0717_01,0.95
0717_02,0.29
0717_03,1.0
0717_04,1.0
0717_05,0.16
0717_06,0.19
0717_07,1.0
0720_01,1.0
0720_02,0.62
0720_03,0.09
0721_01,0.44
0722_01,0.23
0723_01,0.08
0725_01,0.18333333333333332
0730_01,0.26
0731_01,0.14
0731_02,0.13
0735_01,0.29
0739_01,0.57
0741_01,0.22
0742_01,0.65
0742_02,1.0
0744_01,0.98
0745_01,0.14
0747_01,0.24
0748_01,1.0
0748_02,0.03
0749_01,1.0
0751_01,0.99
0752_01,0.5716666666666668
0755_01,0.61
0758_01,0.24
0758_02,1.0
0758_03,0.3
0759_01,1.0
0759_02,0.34
0759_03,1.0
0760_01,0.13
0763_01,1.0
0763_02,0.15
0766_01,0.65
0774_01,0.65
0774_02,0.22
0774_03,0.67
0775_01,1.0
0775_02,0.06
0775_03,0.97
0775_04,0.27
0775_05,0.56
0775_06,1.0
0778_01,1.0
0778_02,0.44
0780_01,0.95
0783_01,0.22
0792_01,0.4856666666666667
0800_01,0.38
0801_01,1.0
0803_01,0.56
0804_01,1.0
0807_01,0.34
0810_01,0.05
0812_01,0.45
0814_01,0.15
0821_01,0.7
0827_01,0.35
0827_02,0.4
0827_03,0.97
0831_01,0.11
0832_01,0.5306666666666666
0837_01,1.0
0837_02,0.36
0838_01,0.96
0838_02,0.13
0841_01,0.25
0842_01,0.9
0843_01,0.3889761904761905
0844_01,0.96
0847_01,0.14
0852_01,1.0
0854_01,0.36
0855_01,0.56
0856_01,0.05
0857_01,0.66
0858_01,0.07
0858_02,0.89
0861_01,0.12
0862_01,0.7892857142857141
0864_01,0.04
0864_02,1.0
0864_03,1.0
0866_01,1.0
0872_01,0.26
0880_01,0.67
0880_02,0.92
0882_01,0.3
0884_01,0.07
0884_02,0.4
0886_01,0.15
0886_02,1.0
0886_03,1.0
0887_01,0.1
0887_02,0.31
0888_01,0.16
0888_02,0.1
0891_01,0.38
0892_01,0.97
0892_02,1.0
0892_03,1.0
0894_01,1.0
0895_01,0.32
0896_01,0.04
0897_01,1.0
0897_02,1.0
0900_01,0.15
0908_01,0.4843333333333334
0909_01,0.01
0909_02,1.0
0909_03,1.0
0914_01,0.27
0916_01,0.12
0917_01,0.65
0920_01,0.38
0929_01,0.28
0934_01,0.23
0936_01,0.11
0937_01,0.35
0943_01,1.0
0943_02,1.0
0943_03,0.21
0945_01,0.41
0945_02,0.09
0948_01,0.23
0950_01,0.97
0954_01,0.6
0958_01,0.08
0959_01,0.47
0962_01,0.61
0963_01,1.0
0967_01,0.18
0973_01,0.11
0974_01,0.31
0977_01,0.1672142857142857
0980_01,0.14
0981_01,0.11
0981_02,0.67
0986_01,0.12
0986_02,1.0
0996_01,0.3
0999_01,0.4065
0999_02,0.4
1003_01,0.15
1007_01,0.18
1009_01,0.04
1010_01,1.0
1016_01,0.42
1021_01,0.36
1023_01,1.0
1028_01,0.8959999999999999
1037_01,0.5
1039_01,0.23
1042_01,0.58
1044_01,0.46
1050_01,0.31
1055_01,0.44
1059_01,1.0
1059_02,1.0
1061_01,1.0
1064_01,0.62
1064_02,0.7
1067_01,0.33
1069_01,1.0
1070_01,0.69
1072_01,0.59
1072_02,0.6741666666666666
1072_03,0.86
1072_04,0.38
1072_05,0.14
1072_06,0.28
1072_07,0.755
1072_08,0.7033333333333335
1073_01,0.1
1074_01,0.69
1074_02,0.83
1081_01,0.24
1087_01,0.76
1090_01,1.0
1090_02,0.25
1092_01,0.87
1098_01,0.05
1101_01,0.41
1103_01,0.05
1104_01,1.0
1106_01,0.01
1106_02,1.0
1107_01,0.24
1109_01,0.18
1111_01,0.62
1111_02,0.3316666666666667
1111_03,0.33
1118_01,0.15
1118_02,1.0
1118_03,0.96
1118_04,0.3
1118_05,0.13
1119_01,0.22
1119_02,1.0
1120_01,0.77
1122_01,0.63
1124_01,1.0
1124_02,1.0
1124_03,0.31
1125_01,0.11
1125_02,0.7033333333333335
1126_01,0.99
1128_01,1.0
1128_02,1.0
1131_01,1.0
1135_01,0.13
1135_02,0.55
1135_03,0.18
1135_04,0.71
1137_01,0.43
1137_02,0.31
1138_01,0.88
1139_01,0.1725
1143_01,0.35
1145_01,1.0
1145_02,0.16
1145_03,0.25
1145_04,1.0
1151_01,0.32
1157_01,0.09
1158_01,0.9
1158_02,0.59
1159_01,0.2508333333333333
1159_02,0.2966666666666667
1159_03,0.905
1160_01,0.48
1164_01,0.16
1171_01,0.1
1172_01,0.96
1176_01,0.43
1181_01,0.26
1183_01,0.99
1183_02,0.6
1183_03,1.0
1184_01,1.0
1184_02,0.16
1189_01,0.16
1194_01,0.11
1196_01,0.15
1196_02,0.08
1200_01,1.0
1201_01,0.4
1201_02,0.37
1202_01,0.25
1204_01,0.51
1205_01,0.06
1207_01,0.284
1207_02,0.52
1207_03,0.93
1207_04,0.84
1209_01,0.26
1209_02,0.58
1217_01,0.97
1217_02,1.0
1219_01,0.27
1219_02,1.0
1224_01,1.0
1224_02,0.14
1226_01,1.0
1226_02,1.0
1227_01,1.0
1237_01,0.72
1241_01,0.16
1244_01,1.0
1245_01,0.95
1247_01,1.0
1249_01,0.19
1251_01,1.0
1252_01,0.26
1253_01,0.41
1257_01,1.0
1257_02,1.0
1257_03,0.31
1257_04,0.68
1262_01,0.9
1262_02,0.26
1265_01,0.439
1266_01,0.33
1268_01,1.0
1270_01,0.66
1272_01,0.33
1275_01,0.1
1276_01,0.51
1277_01,0.07
1290_01,0.05
1296_01,0.21
1297_01,0.63
1298_01,0.29733333333333334
1301_01,0.38
1301_02,0.4486428571428571
1301_03,0.75
1303_01,0.12
1305_01,0.49
1313_01,0.7
1314_01,0.08
1315_01,0.495
1318_01,1.0
1319_01,0.39
1319_02,0.18
1320_01,0.99
1320_02,0.85
1320_03,0.85
1321_01,0.86
1321_02,1.0
1321_03,0.06
1321_04,0.12
1327_01,0.19
1329_01,0.03
1334_01,0.24
1338_01,1.0
1338_02,0.99
1339_01,0.51
1341_01,0.17
1341_02,0.6265000000000001
1341_03,0.5
1343_01,0.14
1343_02,0.37
1343_03,0.21
1344_01,0.23
1346_01,0.13999999999999999
1349_01,0.84
1349_02,0.87
1354_01,0.28
1354_02,0.5
1354_03,1.0
1354_04,0.56
1354_05,1.0
1354_06,1.0
1354_07,0.84
1358_01,1.0
1358_02,0.31
1359_01,0.21
1361_01,1.0
1361_02,0.09
1363_01,0.27
1364_01,0.35
1364_02,0.32
1367_01,0.46
1369_01,0.41
1369_02,0.89
1369_03,0.62
1372_01,0.45
1373_01,0.55
1374_01,0.99
1388_01,0.92
1392_01,0.46
1394_01,0.4033333333333334
1396_01,0.57
1405_01,0.64
1409_01,0.08
1409_02,0.12
1411_01,0.55
1418_01,0.7
1422_01,1.0
1422_02,0.16
1422_03,0.21
1429_01,0.18
1432_01,0.28
1432_02,0.1
1436_01,0.47
1437_01,0.24
1441_01,0.24
1446_01,0.24
1448_01,0.39
1449_01,0.2
1456_01,0.13
1459_01,0.1
1464_01,0.19
1466_01,0.21333333333333335
1468_01,0.52
1469_01,0.01
1469_02,0.25
1470_01,0.6825
1471_01,0.28
1471_02,0.77
1471_03,0.8158333333333333
1471_04,0.27
1471_05,0.435
1472_01,0.79
1473_01,0.07
1473_02,0.12
1475_01,0.51
1476_01,0.23
1477_01,0.41
1477_02,0.34
1480_01,0.46
1482_01,1.0
1483_01,0.51
1486_01,0.4
1487_01,0.91
1487_02,0.7
1492_01,0.31
1492_02,0.26
1494_01,0.12
1495_01,0.05
1495_02,0.61
1496_01,0.29
1497_01,1.0
1497_02,1.0
1502_01,0.15
1502_02,0.31
1502_03,1.0
1502_04,1.0
1504_01,0.14
1505_01,0.05
1508_01,0.12
1512_01,0.13
1513_01,0.4825
1514_01,0.9359999999999999
1516_01,0.32
1517_01,0.08
1518_01,0.19
1518_02,0.27
1519_01,0.12
1522_01,0.98
1530_01,0.49
1534_01,0.08
1534_02,0.07
1535_01,0.2
1537_01,0.81
1538_01,0.08
1538_02,0.26
1546_01,0.8
1549_01,0.45
1553_01,0.96
1553_02,0.36
1554_01,0.7666666666666666
1554_02,0.24
1556_01,0.73
1557_01,0.68
1559_01,1.0
1559_02,1.0
1563_01,1.0
1566_01,1.0
1570_01,0.1
1571_01,0.17
1574_01,0.37
1575_01,0.85
1582_01,0.69
1582_02,0.56
1583_01,0.95
1586_01,0.27
1587_01,0.727
1587_02,0.73
1589_01,0.04
1591_01,0.16
1591_02,0.73
1598_01,0.8
1598_02,0.24
1600_01,0.42
1605_01,0.19
1607_01,0.8
1609_01,0.11
1610_01,0.52
1616_01,0.74
1618_01,0.14
1620_01,0.23
1623_01,0.36
1627_01,0.73
1629_01,1.0
1629_02,1.0
1629_03,0.96
1629_04,0.88
1629_05,1.0
1629_06,1.0
1639_01,0.12
1641_01,1.0
1642_01,0.17
1643_01,0.1
1648_01,0.85
1652_01,0.5273333333333333
1654_01,0.1
1664_01,0.31
1665_01,1.0
1665_02,1.0
1667_01,0.27
1675_01,0.79
1678_01,0.16
1679_01,0.27
1680_01,0.37
1680_02,1.0
1683_01,0.15
1684_01,0.08
1686_01,0.13
1689_01,0.06
1689_02,0.58
1689_03,0.53
1692_01,0.89
1693_01,0.8
1701_01,0.37
1702_01,0.64
1703_01,0.53
1706_01,0.23
1707_01,0.19
1716_01,0.25
1720_01,0.02
1722_01,0.14
1726_01,0.19
1726_02,0.99
1726_03,0.37
1732_01,0.7886666666666667
1735_01,0.16
1737_01,0.13
1741_01,0.55
1741_02,0.6893333333333332
1741_03,0.53
1743_01,0.16
1744_01,0.1
1750_01,0.57
1751_01,0.83
1751_02,1.0
1754_01,0.39
1756_01,0.53
1759_01,1.0
1765_01,0.35
1773_01,0.2
1777_01,0.29
1777_02,1.0
1780_01,0.37
1784_01,0.15
1787_01,0.34
1788_01,0.32
1789_01,0.15666666666666665
1790_01,0.35
1790_02,0.315
1791_01,0.99
1791_02,0.92
1793_01,0.23
1793_02,0.07
1794_01,0.14
1795_01,0.4
1801_01,0.58
1801_02,0.08
1809_01,0.29
1814_01,0.2
1814_02,0.75
1814_03,0.58
1815_01,1.0
1819_01,0.12
1820_01,0.45
1824_01,0.17
1825_01,0.56
1825_02,0.52
1830_01,0.5366666666666666
1832_01,0.15
1835_01,1.0
1835_02,1.0
1837_01,1.0
1838_01,0.98
1839_01,0.02
1840_01,0.30733333333333335
1842_01,0.16
1845_01,0.2
1851_01,0.54
1851_02,1.0
1852_01,1.0
1852_02,0.44
1852_03,1.0
1852_04,1.0
1858_01,0.69
1862_01,0.31
1862_02,0.18
1862_03,0.64
1867_01,1.0
1869_01,0.05
1870_01,0.1
1875_01,0.32
1876_01,0.1
1883_01,0.71
1885_01,0.63
1893_01,1.0
1894_01,0.97
1895_01,0.16
1896_01,0.19
1900_01,0.67
1904_01,0.22
1909_01,1.0
1909_02,1.0
1909_03,0.6
1910_01,0.85
1910_02,0.26
1910_03,0.08
1910_04,0.64
1912_01,0.22
1913_01,0.78
1913_02,1.0
1913_03,0.95
1914_01,0.44
1917_01,0.46
1919_01,0.38
1921_01,0.14
1921_02,0.14
1924_01,0.86
1929_01,0.07
1930_01,0.08
1932_01,0.0
1934_01,0.41
1936_01,0.15
1943_01,0.32
1944_01,0.22
1948_01,0.13
1948_02,1.0
1949_01,0.07
1951_01,1.0
1951_02,0.29
1954_01,0.3
1955_01,0.26
1958_01,0.13
1965_01,0.38
1966_01,0.46
1970_01,0.1
1972_01,0.22
1982_01,0.15
1986_01,1.0
1987_01,0.5
1989_01,0.74
1990_01,1.0
1990_02,1.0
1998_01,0.16
2002_01,0.99
2004_01,0.5
2005_01,0.22
2005_02,0.62
2008_01,0.14
2014_01,1.0
2016_01,0.99
2016_02,0.19
2017_01,0.03
2017_02,0.15
2018_01,0.4153333333333334
2020_01,0.55
2021_01,0.55
2023_01,0.39
2023_02,0.58
2023_03,0.83
2025_01,0.29
2030_01,0.48
2031_01,0.16
2033_01,0.24
2035_01,0.18
2035_02,0.84
2036_01,0.32
2036_02,0.73
2036_03,0.62
2037_01,1.0
2037_02,0.14
2039_01,1.0
2039_02,1.0
2039_03,1.0
2047_01,0.2325
2048_01,0.57
2049_01,0.39
2050_01,0.18
2057_01,0.83
2057_02,0.7625
2057_03,0.22
2057_04,0.48
2057_05,0.35
2058_01,0.17
2064_01,0.92
2068_01,1.0
2068_02,0.72
2068_03,0.56
2068_04,0.58
2068_05,0.79
2069_01,0.08
2072_01,0.19
2072_02,0.08
2076_01,0.85
2077_01,0.08
2078_01,1.0
2079_01,0.22
2079_02,0.03
2079_03,0.05
2093_01,0.235
2098_01,0.04
2101_01,0.39
2101_02,0.49
2103_01,0.17
2108_01,0.7
2108_02,0.73
2109_01,0.63
2113_01,0.6173571428571428
2119_01,0.22
2119_02,0.48333333333333334
2122_01,0.45
2132_01,0.6073333333333334
2146_01,0.6
2146_02,1.0
2151_01,0.28
2155_01,0.67
2157_01,0.18
2160_01,0.26
2160_02,1.0
2160_03,1.0
2165_01,0.7
2166_01,0.37
2169_01,0.14
2170_01,0.06
2174_01,0.21
2176_01,0.97
2178_01,0.28
2181_01,0.54
2184_01,1.0
2184_02,0.9
2185_01,1.0
2192_01,0.18
2197_01,0.22
2199_01,0.35
2208_01,0.18
2213_01,0.11
2214_01,0.15
2216_01,0.47
2217_01,0.35
2218_01,0.43
2222_01,1.0
2226_01,0.12
2227_01,0.91
2230_01,0.16
2236_01,0.63
2240_01,0.38
2240_02,0.27
2240_03,0.86
2242_01,0.55
2244_01,0.46
2245_01,1.0
2245_02,1.0
2246_01,0.67
2246_02,0.27
2247_01,0.08
2248_01,0.12
2249_01,0.86
2250_01,0.1
2259_01,0.71
2259_02,1.0
2260_01,1.0
2265_01,0.69
2271_01,0.21
2276_01,0.41
2276_02,0.3
2283_01,0.14
2285_01,0.17
2286_01,0.14
2290_01,0.4641666666666666
2292_01,0.19
2293_01,1.0
2294_01,0.67
2297_01,0.13
2304_01,0.32
2307_01,0.44
2307_02,0.73
2307_03,0.71
2307_04,0.8308333333333333
2307_05,0.19
2322_01,0.1
2323_01,0.26
2324_01,0.15
2326_01,0.69
2328_01,0.25
2330_01,0.09
2331_01,0.98
2334_01,0.11
2335_01,0.54
2337_01,0.5566666666666668
2342_01,0.04
2343_01,1.0
2343_02,0.68
2344_01,0.29
2344_02,0.98
2346_01,0.08
2350_01,0.3
2350_02,0.16
2350_03,1.0
2351_01,0.27
2351_02,0.01
2352_01,0.19
2354_01,0.1
2355_01,0.96
2355_02,1.0
2355_03,0.34
2355_04,0.73
2358_01,0.15
2359_01,0.03
2362_01,0.2
2370_01,0.61
2370_02,0.34
2370_03,0.29
2370_04,0.6641666666666666
2371_01,0.28
2372_01,0.3
2378_01,0.19
2378_02,1.0
2380_01,0.21
2380_02,0.96
2381_01,0.33733333333333343
2383_01,0.39
2383_02,0.04
2386_01,0.99
2388_01,0.21
2388_02,0.8443333333333334
2393_01,0.19
2394_01,0.41
2394_02,0.4533333333333333
2394_03,0.25
2400_01,0.25
2405_01,0.07
2407_01,0.9
2408_01,0.04
2415_01,0.56
2418_01,0.17
2420_01,0.14
2422_01,0.36
2422_02,1.0
2425_01,0.56
2425_02,0.77
2425_03,0.4
2425_04,0.51
2425_05,0.4844761904761905
2425_06,0.3231666666666666
2428_01,0.49
2430_01,0.6411666666666668
2430_02,0.31
2430_03,0.19
2434_01,0.52
2434_02,0.28
2437_01,0.28
2440_01,0.33
2447_01,0.31
2448_01,1.0
2448_02,1.0
2450_01,0.01
2459_01,0.46649999999999997
2464_01,0.0
2465_01,0.39
2468_01,1.0
2469_01,0.93
2469_02,0.07
2473_01,0.08
2481_01,0.82
2481_02,0.33
2482_01,0.36
2482_02,0.44
2484_01,0.99
2484_02,0.12
2485_01,0.04
2487_01,0.89
2487_02,1.0
2487_03,0.3
2490_01,0.01
2493_01,0.55
2493_02,0.61
2494_01,1.0
2494_02,0.37
2495_01,0.19
2501_01,1.0
2504_01,0.31
2507_01,0.55
2511_01,0.53
2514_01,0.62
2517_01,0.66
2525_01,0.06
2529_01,0.62
2533_01,0.15
2536_01,1.0
2538_01,0.98
2538_02,1.0
2539_01,0.57
2543_01,0.33
2554_01,0.16
2556_01,1.0
2563_01,0.56
2566_01,0.05
2567_01,0.42
2567_02,0.94
2568_01,0.57
2569_01,0.7
2570_01,0.8766666666666666
2575_01,0.2
2576_01,1.0
2577_01,0.5833333333333334
2577_02,0.36
2579_01,0.11
2583_01,0.40700000000000003
2585_01,1.0
2586_01,0.6
2587_01,0.98
2587_02,1.0
2600_01,0.27
2603_01,0.55
2603_02,0.5
2604_01,0.45583333333333337
2608_01,0.44
2610_01,0.14
2611_01,0.14
2612_01,0.26
2613_01,0.4
2614_01,0.05
2615_01,0.3
2620_01,0.84
2621_01,0.18
2623_01,0.42
2630_01,0.13
2630_02,0.19
2630_03,0.22
2632_01,0.05
2637_01,0.13
2637_02,0.4
2637_03,0.77
2639_01,1.0
2644_01,0.09
2653_01,0.11
2654_01,0.66
2656_01,1.0
2665_01,0.4
2667_01,0.92
2667_02,0.27
2667_03,0.27
2667_04,1.0
2667_05,1.0
2669_01,0.09
2673_01,0.43
2674_01,0.19
2674_02,0.42
2680_01,0.29
2681_01,0.6
2686_01,0.26
2689_01,0.35
2694_01,1.0
2694_02,0.69
2696_01,0.67
2699_01,0.19
2705_01,0.84
2710_01,1.0
2710_02,0.86
2711_01,0.16
2715_01,0.06
2715_02,0.22
2716_01,0.43
2716_02,1.0
2719_01,0.28
2719_02,1.0
2719_03,0.03
2728_01,0.03
2731_01,0.37
2733_01,0.05
2735_01,0.08
2742_01,0.6125
2744_01,0.51
2749_01,0.65
2757_01,0.08
2761_01,0.38
2761_02,0.46
2766_01,0.58
2767_01,0.19
2771_01,0.11
2775_01,0.14
2776_01,0.56
2777_01,1.0
2779_01,0.22
2782_01,0.21
2791_01,0.22
2794_01,0.03
2794_02,0.42
2794_03,0.51
2794_04,1.0
2794_05,0.11
2794_06,1.0
2794_07,1.0
2800_01,0.79
2803_01,1.0
2804_01,0.3466666666666666
2808_01,1.0
2808_02,0.71
2815_01,0.39
2815_02,0.26049999999999995
2815_03,0.62
2816_01,1.0
2827_01,0.71
2828_01,0.22
2829_01,0.81
2830_01,0.529
2833_01,0.7833333333333333
2836_01,0.75
2841_01,0.09
2842_01,0.66
2844_01,0.3
2845_01,1.0
2845_02,0.99
2848_01,1.0
2848_02,1.0
2848_03,1.0
2849_01,0.28
2850_01,1.0
2850_02,1.0
2850_03,0.13
2850_04,1.0
2851_01,0.12
2855_01,1.0
2864_01,0.07
2868_01,0.44666666666666666
2868_02,0.3
2868_03,0.28
2868_04,0.47
2874_01,0.11
2879_01,0.22
2885_01,0.1
2886_01,0.02
2889_01,0.24
2895_01,1.0
2896_01,0.09
2898_01,0.52
2898_02,1.0
2903_01,0.2
2904_01,0.37
2904_02,1.0
2911_01,0.745
2914_01,0.89
2915_01,1.0
2916_01,1.0
2917_01,0.06
2918_01,0.16
2921_01,0.09
2922_01,0.71
2923_01,0.33
2924_01,0.01
2931_01,0.61
2931_02,0.14
2932_01,1.0
2933_01,0.47
2937_01,0.32
2939_01,0.39
2946_01,0.27
2946_02,0.1
2946_03,0.33
2946_04,0.24
2947_01,0.58
2951_01,0.23
2952_01,0.12
2955_01,0.29
2957_01,0.66
2963_01,0.49
2967_01,0.21
2973_01,0.18
2974_01,0.26
2976_01,1.0
2976_02,1.0
2976_03,1.0
2976_04,0.25
2977_01,0.27
2977_02,0.36
2977_03,0.29
2978_01,0.13
2980_01,0.09
2981_01,0.59
2985_01,0.48
2987_01,0.56
2989_01,0.3
2991_01,0.08
2997_01,1.0
2997_02,0.26
2997_03,0.6
2997_04,1.0
2999_01,0.21
3002_01,0.1
3007_01,0.08
3008_01,0.97
3008_02,0.31
3008_03,0.99
3008_04,0.61
3008_05,1.0
3008_06,1.0
3011_01,0.25
3016_01,0.59
3016_02,0.74
3016_03,0.74
3016_04,0.52
3017_01,0.26
3028_01,0.6133333333333334
3031_01,1.0
3035_01,0.11
3037_01,1.0
3037_02,0.95
3041_01,0.25
3043_01,0.09
3046_01,0.43
3049_01,0.08
3051_01,0.2
3052_01,0.11
3056_01,0.6508333333333334
3057_01,0.13
3058_01,0.06
3059_01,1.0
3069_01,0.39
3072_01,1.0
3074_01,0.77
3075_01,0.74
3077_01,1.0
3077_02,1.0
3078_01,0.21
3078_02,0.29
3078_03,0.78
3078_04,0.25
3086_01,0.72
3089_01,0.09
3094_01,0.295
3097_01,0.86
3098_01,0.18
3101_01,0.1
3105_01,1.0
3105_02,0.69
3105_03,1.0
3106_01,0.66
3107_01,0.44
3108_01,0.19
3109_01,0.56
3115_01,0.71
3122_01,0.5
3122_02,0.29
3125_01,0.03
3125_02,0.31
3127_01,1.0
3129_01,0.3
3135_01,0.33
3137_01,0.74
3139_01,0.5
3141_01,1.0
3144_01,0.11
3146_01,0.15
3148_01,0.56
3148_02,0.15
3150_01,0.7091666666666667
3151_01,1.0
3153_01,0.1
3153_02,0.4475
3154_01,0.27899999999999997
3155_01,1.0
3155_02,0.7
3156_01,0.13
3157_01,0.26
3160_01,0.06
3165_01,0.22
3167_01,0.66
3170_01,0.17
3173_01,0.78
3177_01,0.49
3178_01,1.0
3183_01,0.38
3186_01,1.0
3187_01,0.44
3190_01,0.31
3190_02,0.12
3194_01,0.07
3198_01,0.18
3199_01,0.59
3202_01,0.4
3207_01,0.18
3208_01,0.3
3214_01,1.0
3222_01,0.12
3226_01,1.0
3228_01,0.11
3231_01,0.8975
3233_01,0.7
3234_01,0.14
3242_01,0.25
3244_01,1.0
3244_02,1.0
3244_03,0.97
3245_01,0.28
3245_02,0.06
3246_01,0.43
3249_01,0.05
3249_02,0.38
3250_01,0.22
3251_01,0.16
3257_01,0.98
3261_01,0.67
3263_01,0.95
3264_01,0.04
3265_01,0.21
3265_02,1.0
3265_03,1.0
3265_04,1.0
3266_01,0.37
3267_01,1.0
3277_01,0.11
3278_01,0.99
3281_01,0.57
3285_01,0.18
3285_02,0.09
3286_01,0.24
3288_01,1.0
3290_01,0.99
3290_02,0.1
3291_01,0.92
3302_01,0.04
3303_01,0.01
3306_01,0.2
3307_01,0.42
3316_01,0.58
3320_01,0.27
3320_02,0.26
3321_01,1.0
3333_01,0.38
3334_01,0.27
3335_01,0.23
3340_01,0.11
3341_01,1.0
3341_02,0.21
3344_01,0.66
3344_02,1.0
3345_01,0.71
3345_02,0.46
3345_03,0.79
3346_01,0.16
3347_01,0.7
3347_02,0.24
3351_01,0.97
3351_02,0.58
3354_01,0.15
3355_01,0.68
3356_01,0.29
3358_01,0.18
3362_01,0.5
3362_02,0.56
3366_01,1.0
3367_01,0.53
3368_01,0.26
3368_02,0.19
3368_03,0.18
3368_04,0.26
3368_05,0.4
3368_06,0.08
3368_07,0.03
3369_01,0.38
3373_01,0.429
3374_01,0.29
3375_01,0.33
3376_01,0.74
3378_01,0.43
3379_01,0.5
3385_01,0.61
3388_01,0.41
3393_01,0.31
3398_01,0.16
3399_01,0.05
3400_01,0.69
3407_01,0.24
3407_02,0.19
3411_01,0.4
3411_02,0.3
3411_03,0.16
3411_04,0.34
3411_05,0.85
3411_06,1.0
3411_07,0.15
3414_01,0.18
3416_01,0.35
3427_01,0.23
3429_01,0.72
3435_01,0.12
3436_01,0.95
3448_01,0.02
3448_02,0.52
3451_01,0.23
3452_01,0.22
3457_01,0.5
3460_01,0.14
3463_01,0.45
3466_01,0.24
3471_01,0.05
3472_01,0.34
3477_01,0.25
3477_02,0.73
3479_01,0.16
3481_01,0.1
3482_01,0.14
3482_02,0.8
3493_01,0.64
3494_01,0.13
3494_02,0.71
3498_01,0.19
3500_01,0.3
3502_01,0.13
3503_01,0.5
3505_01,0.14
3507_01,0.56
3508_01,0.34
3508_02,0.74
3509_01,1.0
3509_02,0.33
3510_01,0.93
3513_01,1.0
3513_02,0.99
3513_03,0.49
3513_04,0.91
3516_01,0.09
3517_01,0.62
3522_01,0.86
3524_01,0.05
3526_01,0.14
3529_01,1.0
3532_01,1.0
3538_01,0.34
3541_01,0.27
3544_01,0.05
3544_02,0.37
3545_01,0.14
3549_01,0.06
3549_02,0.99
3551_01,0.16
3554_01,0.28
3557_01,0.18
3571_01,0.6766666666666665
3574_01,0.23
3575_01,0.27
3580_01,0.57
3580_02,1.0
3581_01,0.27
3583_01,0.45
3585_01,0.8215
3587_01,0.77
3587_02,0.31
3587_03,0.3256666666666666
3589_01,0.2
3589_02,0.75
3589_03,0.665
3589_04,0.77
3589_05,0.49
3589_06,0.79
3589_07,0.95
3590_01,0.29
3593_01,0.57
3599_01,0.61
3601_01,0.13
3601_02,0.64
3601_03,0.74
3601_04,0.6533333333333334
3601_05,0.84
3601_06,0.13
3601_07,0.73
3603_01,1.0
3603_02,1.0
3604_01,0.69
3611_01,0.27
3617_01,0.14
3617_02,0.27
3617_03,0.21
3618_01,1.0
3618_02,0.27
3618_03,0.44
3618_04,0.24
3621_01,0.17
3621_02,0.08
3623_01,0.42
3627_01,0.83
3632_01,0.23
3633_01,0.9
3635_01,0.71
3635_02,0.11
3637_01,0.12
3638_01,0.18
3643_01,0.24
3646_01,0.56
3646_02,0.65
3649_01,0.1
3651_01,0.98
3656_01,0.33
3656_02,0.14
3657_01,1.0
3657_02,1.0
3657_03,0.17
3659_01,0.23
3659_02,0.73
3659_03,0.83
3659_04,0.5458333333333334
3659_05,0.24
3659_06,0.51
3659_07,0.72
3661_01,0.18
3663_01,1.0
3666_01,0.69
3669_01,0.4
3670_01,0.7
3672_01,0.16
3672_02,0.58
3673_01,0.41
3675_01,0.42
3675_02,0.43
3675_03,0.6033333333333333
3676_01,1.0
3683_01,1.0
3683_02,1.0
3684_01,0.275
3684_02,0.36
3685_01,0.55
3687_01,0.77
3689_01,0.22
3694_01,0.77
3695_01,0.12
3696_01,1.0
3697_01,0.1
3698_01,0.13
3701_01,0.99
3701_02,0.55
3701_03,1.0
3709_01,0.87
3712_01,0.7591666666666669
3712_02,0.88
3712_03,0.68
3712_04,0.61
3712_05,0.48
3717_01,0.12
3717_02,0.84
3718_01,0.99
3720_01,1.0
3720_02,1.0
3720_03,1.0
3721_01,0.0
3722_01,0.21
3723_01,0.59
3725_01,0.82
3727_01,0.2
3730_01,1.0
3731_01,0.9
3738_01,0.85
3740_01,0.23
3746_01,0.2
3746_02,0.58
3746_03,0.65
3746_04,0.81
3762_01,0.48
3763_01,0.09
3764_01,0.16
3764_02,0.46
3766_01,1.0
3766_02,1.0
3780_01,1.0
3782_01,0.46
3782_02,0.24
3791_01,0.54
3792_01,0.3
3794_01,0.97
3799_01,0.27
3800_01,0.47
3802_01,0.21
3806_01,0.86
3808_01,0.63
3809_01,0.04
3809_02,0.27
3813_01,0.6385000000000001
3819_01,0.17
3825_01,0.12
3827_01,0.31
3828_01,0.77
3828_02,0.19
3828_03,0.98
3829_01,0.48
3829_02,0.71
3833_01,1.0
3834_01,0.49200000000000005
3837_01,0.13
3840_01,0.11
3843_01,0.69
3844_01,0.44
3844_02,0.71
3845_01,0.43
3855_01,0.52
3858_01,1.0
3858_02,1.0
3858_03,0.12
3858_04,0.02
3859_01,1.0
3860_01,0.85
3861_01,0.19
3863_01,0.41
3865_01,0.71
3869_01,0.11
3876_01,0.95
3876_02,0.34
3876_03,1.0
3877_01,0.42
3878_01,0.12
3880_01,0.51
3881_01,0.25
3882_01,0.99
3884_01,0.15
3885_01,0.3
3887_01,0.9
3889_01,0.48
3889_02,0.51
3891_01,0.59
3892_01,0.195
3892_02,0.14
3893_01,0.1
3893_02,0.81
3893_03,0.41
3900_01,0.35
3901_01,0.79
3902_01,0.98
3905_01,0.8275
3906_01,0.11
3906_02,0.36
3908_01,0.39
3908_02,0.414
3910_01,0.84
3914_01,0.51
3918_01,0.22
3920_01,0.31
3925_01,0.11
3925_02,0.19
3929_01,0.39
3934_01,1.0
3934_02,0.41
3943_01,0.4
3943_02,0.48733333333333334
3943_03,0.3
3947_01,0.31
3951_01,0.25
3953_01,0.38
3956_01,0.59
3957_01,0.09
3965_01,0.51
3969_01,0.07
3972_01,1.0
3975_01,0.25
3978_01,0.35
3979_01,0.18
3982_01,0.33
3983_01,0.05
3989_01,0.73
3989_02,0.95
3989_03,0.3483333333333333
3989_04,0.52
3990_01,0.53
3993_01,0.34
4004_01,0.13
4007_01,0.26
4011_01,0.45
4012_01,0.6
4012_02,1.0
4015_01,1.0
4015_02,0.11
4024_01,0.66
4025_01,0.64
4028_01,0.45
4029_01,0.9
4041_01,0.49
4048_01,0.98
4048_02,1.0
4048_03,0.67
4051_01,0.27899999999999997
4052_01,0.68
4054_01,1.0
4054_02,0.92
4054_03,0.3
4056_01,0.15
4057_01,0.33
4059_01,0.99
4059_02,0.21
4062_01,0.36
4067_01,0.26
4070_01,1.0
4070_02,0.95
4070_03,0.37
4073_01,0.07
4073_02,0.35
4074_01,0.23
4077_01,0.21
4085_01,0.68
4086_01,0.33
4086_02,0.69
4086_03,0.55
4087_01,0.61
4088_01,0.49
4092_01,0.795
4094_01,0.19
4094_02,0.19
4100_01,0.8
4105_01,0.53
4111_01,0.66
4117_01,0.12
4118_01,0.33
4119_01,0.33
4121_01,0.54
4122_01,0.42
4123_01,0.19
4124_01,0.57
4126_01,0.11
4133_01,1.0
4133_02,1.0
4136_01,0.34
4136_02,0.32
4138_01,0.25
4139_01,0.18
4146_01,0.21
4148_01,0.29
4153_01,0.18
4155_01,1.0
4157_01,0.32
4161_01,0.66
4162_01,0.56
4164_01,1.0
4180_01,1.0
4180_02,0.19
4187_01,0.16
4190_01,0.87
4192_01,0.44
4193_01,0.9
4195_01,0.29
4198_01,0.99
4200_01,0.08
4201_01,0.63
4202_01,1.0
4202_02,0.14
4209_01,0.43
4217_01,0.09
4224_01,0.04
4224_02,0.22
4226_01,1.0
4226_02,0.22
4227_01,0.71
4228_01,0.27
4234_01,0.16
4234_02,0.19
4235_01,0.06
4235_02,0.71
4236_01,0.72
4236_02,1.0
4241_01,0.55
4247_01,0.69
4247_02,0.07
4248_01,0.16
4248_02,0.15
4250_01,0.10666666666666666
4263_01,0.56
4263_02,0.71
4263_03,0.71
4265_01,1.0
4268_01,0.92
4268_02,1.0
4269_01,0.42
4275_01,0.14
4276_01,0.23
4277_01,0.26
4279_01,0.26
4281_01,0.74
4282_01,0.95
4283_01,0.63
4284_01,1.0
4284_02,0.15
4285_01,0.29
4286_01,0.5
4286_02,0.3
4286_03,0.68
4287_01,0.44
4288_01,0.92
4288_02,0.32
4290_01,0.08
4298_01,0.11
4298_02,0.99
4298_03,0.99
4299_01,0.33
4304_01,0.14
4307_01,0.97
4308_01,0.68
4310_01,0.08
4313_01,0.31
4314_01,0.83
4321_01,1.0
4322_01,0.9625
4323_01,1.0
4323_02,0.28
4323_03,0.52
4323_04,1.0
4325_01,0.44
4326_01,0.12
4328_01,0.7266666666666667
4331_01,0.935
4341_01,0.64
4341_02,0.2
4342_01,0.54
4353_01,0.5
4355_01,0.62
4363_01,0.76
4374_01,0.33
4375_01,1.0
4377_01,0.48
4377_02,0.58
4377_03,0.68
4378_01,0.24
4378_02,0.43
4379_01,0.7276666666666667
4380_01,0.11
4381_01,0.74
4381_02,0.15
4384_01,0.51
4385_01,0.3
4385_02,0.745
4385_03,0.8079999999999999
4389_01,0.12
4394_01,0.23
4398_01,0.13
4406_01,0.25
4412_01,0.23
4414_01,0.97
4417_01,1.0
4418_01,0.18
4419_01,0.52
4419_02,0.32
4420_01,0.37
4420_02,0.46
4421_01,0.36
4423_01,0.39
4425_01,1.0
4425_02,0.56
4434_01,0.14
4435_01,1.0
4435_02,0.46
4439_01,0.16
4439_02,0.73
4442_01,0.76
4443_01,0.78
4443_02,0.33
4454_01,0.98
4455_01,0.45
4455_02,0.24
4455_03,0.94
4458_01,0.62
4460_01,1.0
4468_01,0.82
4471_01,0.11
4478_01,0.29
4480_01,0.27
4481_01,0.2
4484_01,0.18
4488_01,0.12
4489_01,0.29
4495_01,0.29
4499_01,0.76
4503_01,0.56
4504_01,0.68
4507_01,0.48
4513_01,0.57
4519_01,0.52
4520_01,0.26
4523_01,0.73
4523_02,0.65
4523_03,0.17
4523_04,0.6
4523_05,0.73
4523_06,0.28
4525_01,0.19
4526_01,0.1
4527_01,0.33
4528_01,0.75
4536_01,0.33
4540_01,0.59
4541_01,0.39
4545_01,0.31
4548_01,1.0
4551_01,0.77
4551_02,0.47
4551_03,1.0
4551_04,0.95
4554_01,0.2
4556_01,0.15
4566_01,0.36
4578_01,0.17
4579_01,0.91
4582_01,0.65
4582_02,0.38
4582_03,0.38
4582_04,0.73
4582_05,0.705
4582_06,0.25
4582_07,0.41
4583_01,1.0
4583_02,1.0
4583_03,0.47
4584_01,0.19
4588_01,0.49
4589_01,0.89
4590_01,0.31
4598_01,0.15
4599_01,0.71
4600_01,0.7406666666666666
4600_02,0.82
4601_01,0.23
4614_01,0.29
4614_02,0.38
4616_01,0.14
4618_01,0.41
4619_01,0.58
4626_01,1.0
4626_02,0.22
4627_01,0.22
4629_01,0.18
4636_01,0.815952380952381
4639_01,1.0
4639_02,1.0
4639_03,0.32
4639_04,0.16
4639_05,0.95
4639_06,0.37
4647_01,0.48
4660_01,0.71
4666_01,0.11
4669_01,1.0
4670_01,0.19
4671_01,0.98
4671_02,0.4
4671_03,0.6
4671_04,1.0
4674_01,0.23
4675_01,0.69
4675_02,0.25
4681_01,0.26
4682_01,0.69
4683_01,0.98
4683_02,0.49
4685_01,1.0
4687_01,0.1
4688_01,0.23
4692_01,0.34
4697_01,1.0
4698_01,1.0
4700_01,1.0
4701_01,0.96
4701_02,1.0
4701_03,0.98
4701_04,0.83
4702_01,0.89
4702_02,0.5
4703_01,0.87
4703_02,1.0
4705_01,0.87
4705_02,0.35
4707_01,0.22
4707_02,0.13
4715_01,0.41
4716_01,0.32
4718_01,1.0
4722_01,0.21
4724_01,1.0
4727_01,0.3
4727_02,0.34
4729_01,0.33
4731_01,0.83
4734_01,0.01
4735_01,0.22
4736_01,0.99
4737_01,0.25
4740_01,0.7433333333333333
4742_01,0.23
4745_01,0.6833333333333335
4747_01,1.0
4747_02,0.35
4749_01,0.35
4751_01,0.46
4760_01,0.51
4761_01,0.92
4761_02,0.685
4761_03,0.43
4765_01,0.81
4766_01,1.0
4767_01,0.49
4768_01,0.38
4768_02,1.0
4771_01,0.68
4776_01,0.99
4776_02,0.8
4776_03,1.0
4776_04,1.0
4779_01,0.31
4781_01,0.17
4789_01,0.33
4799_01,0.4
4799_02,0.54
4799_03,0.2
4800_01,0.16
4802_01,0.91
4802_02,0.21
4805_01,0.8
4806_01,0.6
4809_01,0.35
4811_01,0.64
4812_01,0.99
4816_01,0.62
4820_01,0.48
4820_02,0.35
4821_01,0.34
4824_01,0.59
4825_01,1.0
4826_01,0.59
4833_01,0.25
4833_02,0.44
4834_01,0.8100000000000002
4835_01,0.17
4839_01,0.27
4843_01,0.3
4843_02,0.22
4844_01,0.52
4849_01,1.0
4852_01,0.9
4854_01,1.0
4855_01,0.94
4855_02,0.6883333333333332
4858_01,0.03
4859_01,0.6559999999999999
4860_01,0.24
4861_01,0.2
4865_01,0.29
4867_01,0.2
4869_01,0.28
4872_01,0.12
4877_01,0.32
4894_01,0.705
4905_01,0.91
4906_01,0.32
4907_01,0.8148333333333333
4908_01,0.28
4914_01,0.12
4919_01,0.39
4921_01,0.16
4922_01,0.74
4926_01,0.03
4928_01,0.41
4931_01,0.63
4935_01,0.14
4935_02,0.64
4935_03,0.32
4936_01,0.11
4947_01,0.25
4948_01,0.11
4949_01,0.88
4949_02,0.23
4953_01,1.0
4955_01,0.05
4957_01,1.0
4959_01,1.0
4960_01,0.2
4962_01,0.64
4966_01,0.76
4966_02,0.41
4967_01,0.17
4968_01,0.99
4969_01,0.27
4969_02,0.36
4971_01,0.8483333333333334
4976_01,0.67
4982_01,0.6616666666666666
4984_01,0.32
4984_02,0.28
4985_01,0.99
4986_01,0.2
4988_01,1.0
4993_01,0.81
4994_01,0.2
5001_01,0.19
5002_01,0.89
5011_01,0.96
5022_01,0.25
5024_01,0.655
5024_02,0.48
5024_03,0.59
5024_04,0.37
5024_05,0.88
5026_01,0.38
5029_01,1.0
5029_02,1.0
5030_01,0.54
5031_01,0.35
5031_02,0.51
5033_01,0.51
5033_02,0.46
5037_01,0.15
5038_01,0.3
5038_02,1.0
5041_01,0.39
5043_01,1.0
5043_02,1.0
5043_03,0.0
5045_01,1.0
5046_01,0.95
5047_01,0.79
5049_01,0.14
5053_01,0.19
5054_01,0.22
5055_01,0.92
5056_01,0.22
5056_02,0.67
5066_01,0.37
5071_01,0.16
5075_01,0.51
5077_01,0.25
5078_01,0.29
5079_01,1.0
5081_01,0.19
5082_01,0.4
5086_01,1.0
5086_02,0.28
5092_01,0.48
5094_01,0.805
5094_02,0.17
5096_01,0.2
5096_02,0.2
5098_01,0.27
5098_02,0.56
5098_03,0.91
5099_01,0.12
5100_01,1.0
5101_01,0.77
5102_01,0.14
5107_01,0.03
5110_01,1.0
5113_01,0.13
5114_01,1.0
5117_01,0.35
5118_01,0.33
5119_01,0.07
5121_01,0.615
5123_01,0.21
5131_01,0.28
5131_02,1.0
5134_01,0.15
5135_01,0.07
5139_01,0.31
5141_01,1.0
5143_01,0.7
5147_01,0.57
5149_01,0.43
5149_02,1.0
5150_01,1.0
5153_01,0.6459999999999999
5155_01,0.13
5159_01,0.31
5159_02,0.29
5164_01,1.0
5164_02,1.0
5168_01,0.02
5169_01,0.32
5172_01,0.43
5178_01,0.61
5183_01,0.54
5189_01,0.09
5191_01,0.23
5195_01,0.23
5200_01,0.37
5203_01,0.62
5203_02,1.0
5212_01,0.32
5215_01,0.08
5219_01,1.0
5219_02,0.06
5222_01,0.66
5228_01,0.29
5228_02,0.59
5231_01,0.19
5232_01,0.2
5232_02,0.21
5233_01,0.19
5237_01,1.0
5241_01,0.48
5241_02,0.898
5245_01,0.35
5259_01,0.29
5261_01,0.14
5263_01,0.11
5267_01,0.66
5267_02,0.6018333333333332
5267_03,0.63
5270_01,0.48
5283_01,0.3
5284_01,1.0
5285_01,0.97
5286_01,0.36
5289_01,0.65
5293_01,0.28
5293_02,0.1
5294_01,0.24
5295_01,0.19
5296_01,0.18
5302_01,0.97
5306_01,0.12
5306_02,0.38
5308_01,0.66
5308_02,0.82
5308_03,0.16
5309_01,1.0
5311_01,0.9
5317_01,0.48
5317_02,0.9016666666666666
5318_01,0.92
5318_02,0.7
5319_01,0.17
5321_01,0.43
5324_01,0.68
5328_01,1.0
5329_01,0.18
5329_02,0.42
5329_03,0.8
5329_04,0.35
5329_05,0.21
5329_06,0.48
5329_07,0.66
5332_01,0.67
5335_01,1.0
5335_02,1.0
5335_03,0.53
5335_04,0.42
5336_01,0.55
5338_01,0.86
5339_01,0.52
5339_02,0.7
5339_03,1.0
5342_01,0.07
5349_01,0.86
5352_01,0.88
5357_01,0.72
5357_02,0.99
5357_03,0.28
5357_04,0.19
5358_01,0.25
5364_01,0.84
5369_01,0.4
5369_02,0.1
5369_03,1.0
5370_01,0.15
5371_01,1.0
5371_02,0.1
5371_03,1.0
5371_04,0.995
5373_01,0.18
5376_01,1.0
5376_02,1.0
5377_01,1.0
5381_01,0.04
5382_01,1.0
5382_02,1.0
5386_01,0.7686666666666668
5391_01,0.08
5393_01,0.05
5398_01,1.0
5399_01,0.11
5400_01,0.18
5403_01,0.18
5405_01,0.1
5407_01,0.74
5409_01,0.11
5417_01,0.4
5419_01,0.17
5426_01,0.22
5428_01,0.29
5428_02,0.6390238095238094
5429_01,0.09
5432_01,0.37
5433_01,0.57
5439_01,0.04
5442_01,0.17
5444_01,0.25
5448_01,0.18
5449_01,0.45
5456_01,0.15
5460_01,0.25
5461_01,0.22
5464_01,0.31
5473_01,0.7
5473_02,0.31
5481_01,0.98
5482_01,0.38
5482_02,0.14
5486_01,0.61
5493_01,0.87
5495_01,1.0
5498_01,0.93
5498_02,0.79
5502_01,0.8
5503_01,0.12
5505_01,0.26
5505_02,0.85
5505_03,0.59
5513_01,0.7319999999999999
5513_02,0.35
5513_03,0.11
5513_04,0.52
5516_01,0.12
5518_01,0.41
5519_01,0.06
5525_01,0.18
5532_01,0.43
5533_01,0.15
5534_01,0.46
5542_01,0.01
5547_01,0.8383333333333334
5548_01,0.47
5549_01,0.99
5553_01,1.0
5553_02,0.28
5554_01,0.94
5558_01,0.3
5562_01,1.0
5562_02,1.0
5564_01,0.11
5565_01,0.43
5567_01,0.07
5570_01,0.76
5576_01,0.13
5577_01,0.8
5577_02,0.66
5577_03,0.86
5577_04,0.87
5577_05,0.97
5579_01,1.0
5584_01,1.0
5584_02,0.35
5588_01,0.09
5588_02,1.0
5588_03,1.0
5588_04,0.35
5588_05,1.0
5590_01,0.78
5593_01,0.32
5597_01,0.59
5600_01,0.9250000000000002
5604_01,0.13
5605_01,0.05
5607_01,0.3
5612_01,0.99
5617_01,0.13
5620_01,0.64
5620_02,0.0
5621_01,0.16
5624_01,0.58
5630_01,0.58
5632_01,1.0
5633_01,0.1
5634_01,0.6
5635_01,0.09
5636_01,0.16
5638_01,0.8566666666666666
5641_01,0.8250000000000002
5649_01,1.0
5654_01,0.43
5656_01,0.41
5657_01,0.45
5658_01,0.04
5660_01,0.22
5664_01,0.8025
5664_02,0.6625
5664_03,0.71
5664_04,0.47
5665_01,0.04
5666_01,0.1
5668_01,0.88
5669_01,0.96
5670_01,0.88
5672_01,0.728
5675_01,0.4
5676_01,0.445
5678_01,1.0
5678_02,0.26
5682_01,0.43
5683_01,0.07
5690_01,0.37
5691_01,1.0
5694_01,1.0
5697_01,0.35
5699_01,0.26
5703_01,0.27
5708_01,0.515
5715_01,0.61
5715_02,0.69
5720_01,0.54
5720_02,0.08
5731_01,0.12
5731_02,0.49
5734_01,1.0
5734_02,0.24
5741_01,0.04
5743_01,0.07
5745_01,0.9191666666666667
5749_01,0.19
5752_01,0.2
5753_01,0.31
5754_01,0.29
5759_01,0.97
5760_01,0.39
5762_01,0.16
5766_01,1.0
5770_01,0.86
5774_01,0.41
5775_01,1.0
5782_01,0.24
5782_02,0.11
5782_03,0.44
5782_04,0.6
5784_01,0.66
5787_01,0.35
5787_02,0.893
5787_03,0.36
5789_01,0.93
5789_02,0.87
5797_01,1.0
5798_01,0.27
5801_01,0.3
5803_01,0.75
5805_01,0.29
5807_01,0.08
5815_01,0.57
5815_02,0.12
5815_03,0.47
5815_04,0.05
5830_01,0.35
5832_01,0.28
5833_01,0.51
5838_01,0.71
5841_01,0.99
5841_02,1.0
5841_03,0.85
5845_01,0.95
5850_01,1.0
5851_01,0.2
5851_02,1.0
5853_01,0.29
5862_01,0.35
5864_01,0.23
5865_01,0.49
5866_01,0.52
5870_01,0.8526666666666668
5872_01,0.52
5873_01,0.27
5873_02,0.91
5873_03,0.08
5881_01,1.0
5883_01,0.88
5884_01,0.28
5892_01,0.38
5893_01,0.55
5893_02,0.2775
5895_01,0.15
5896_01,0.4
5899_01,0.08
5904_01,0.94
5904_02,0.17
5910_01,0.33
5911_01,0.5616666666666668
5911_02,0.08
5911_03,0.08
5911_04,0.71
5911_05,0.5725
5911_06,0.87
5914_01,0.755
5917_01,0.83
5918_01,0.84
5926_01,0.72
5929_01,0.51
5932_01,0.16
5935_01,0.14
5936_01,0.87
5936_02,1.0
5936_03,0.43
5936_04,0.72
5936_05,0.34
5937_01,0.94
5940_01,0.34
5942_01,1.0
5942_02,1.0
5943_01,0.15
5948_01,0.05
5958_01,0.28
5961_01,1.0
5961_02,1.0
5962_01,0.61
5964_01,1.0
5964_02,1.0
5966_01,0.79
5966_02,0.99
5978_01,0.21
5978_02,0.3
5979_01,0.52
5982_01,0.15
5996_01,0.94
5997_01,0.43
5997_02,1.0
6002_01,0.56
6005_01,0.5725
6005_02,0.3575
6005_03,0.5966666666666667
6005_04,0.18
6005_05,0.51
6009_01,0.2
6009_02,0.44
6012_01,0.18
6013_01,0.76
6018_01,0.13
6021_01,0.56
6023_01,0.17
6037_01,0.95
6044_01,0.04
6044_02,0.63
6046_01,0.33
6050_01,1.0
6051_01,0.12
6051_02,0.11
6053_01,0.38
6056_01,0.02
6057_01,0.59
6060_01,0.4
6063_01,0.94
6072_01,0.11
6074_01,0.5
6074_02,0.41
6074_03,0.98
6078_01,0.51
6079_01,0.9583333333333333
6081_01,0.67
6081_02,0.07
6081_03,1.0
6081_04,1.0
6083_01,0.26
6084_01,0.53
6088_01,0.69
6089_01,0.41
6093_01,0.56
6097_01,0.24
6100_01,0.34
6104_01,1.0
6113_01,0.37
6114_01,0.09
6119_01,1.0
6119_02,0.46
6119_03,1.0
6125_01,0.18
6129_01,0.12
6131_01,0.14
6134_01,0.7
6140_01,0.01
6142_01,0.3
6142_02,0.97
6144_01,0.435
6147_01,0.17
6151_01,0.35
6151_02,1.0
6154_01,0.44
6159_01,0.15
6160_01,0.5
6160_02,0.92
6161_01,0.88
6164_01,0.37
6165_01,0.83
6177_01,0.35
6183_01,0.16
6185_01,0.34
6187_01,1.0
6188_01,0.419
6190_01,0.48
6193_01,0.98
6193_02,0.95
6193_03,0.09
6193_04,0.1
6195_01,0.07
6196_01,1.0
6197_01,0.9081666666666668
6198_01,0.17
6202_01,0.49
6203_01,0.54
6204_01,0.64
6209_01,0.24
6209_02,1.0
6210_01,0.91
6212_01,0.32933333333333337
6214_01,0.41
6217_01,0.99
6217_02,0.28
6221_01,1.0
6226_01,0.01
6231_01,0.41
6231_02,0.19983333333333334
6231_03,0.19
6233_01,0.23
6233_02,0.23
6233_03,0.95
6235_01,0.99
6240_01,0.52
6242_01,1.0
6244_01,0.29
6244_02,1.0
6247_01,0.12
6255_01,1.0
6257_01,0.4628333333333333
6257_02,0.31
6257_03,0.47
6258_01,0.56
6259_01,0.3
6260_01,0.18
6260_02,0.09
6261_01,0.8
6261_02,0.26
6267_01,0.14
6267_02,0.5
6267_03,0.85
6267_04,1.0
6267_05,1.0
6267_06,1.0
6269_01,0.63
6269_02,0.09
6269_03,1.0
6272_01,0.37
6272_02,0.99
6275_01,0.26
6278_01,1.0
6278_02,1.0
6284_01,1.0
6286_01,0.31
6286_02,0.10666666666666666
6287_01,0.44
6287_02,0.3
6288_01,1.0
6288_02,0.19
6288_03,1.0
6288_04,0.62
6291_01,0.11
6294_01,0.6836666666666664
6295_01,1.0
6295_02,0.46
6298_01,1.0
6303_01,0.26
6306_01,0.71
6307_01,0.12
6310_01,0.02
6311_01,0.49
6312_01,0.58
6312_02,0.11
6314_01,0.27
6329_01,0.09
6332_01,0.975
6332_02,0.3
6332_03,0.9383333333333332
6332_04,0.15
6332_05,0.22
6332_06,0.5306666666666666
6332_07,0.55
6332_08,0.42
6333_01,0.04
6336_01,0.21
6337_01,0.39
6342_01,0.6
6342_02,0.01
6345_01,1.0
6345_02,1.0
6350_01,0.31
6352_01,1.0
6352_02,0.79
6358_01,0.65
6358_02,0.8905
6359_01,0.34
6362_01,0.38
6364_01,0.11
6375_01,0.23
6377_01,1.0
6379_01,0.47
6382_01,0.31
6383_01,0.54
6383_02,0.79
6383_03,0.47
6384_01,0.08
6386_01,0.55
6387_01,0.3
6389_01,0.21
6391_01,0.95
6391_02,1.0
6392_01,1.0
6393_01,0.16
6395_01,0.48
6401_01,0.69
6401_02,0.19
6403_01,0.21
6410_01,0.14
6410_02,0.15
6417_01,1.0
6420_01,0.45
6423_01,0.6
6425_01,0.05
6425_02,0.42
6426_01,0.37
6427_01,1.0
6429_01,0.37
6435_01,0.17
6438_01,0.34
6440_01,0.99
6441_01,0.16
6445_01,0.41
6460_01,0.34
6465_01,0.68
6466_01,0.16
6467_01,0.51
6469_01,0.7466666666666666
6474_01,0.38
6476_01,0.12
6479_01,0.92
6479_02,0.58
6483_01,1.0
6484_01,0.21
6486_01,0.98
6491_01,0.25
6491_02,0.17
6491_03,0.84
6495_01,0.2
6496_01,0.8437142857142856
6496_02,0.48
6497_01,0.41
6498_01,0.685
6499_01,0.185
6499_02,0.16
6499_03,0.16166666666666665
6499_04,0.525
6499_05,0.06
6499_06,0.83
6499_07,0.7733333333333334
6499_08,0.8
6504_01,0.95
6504_02,0.69
6505_01,0.19
6506_01,0.24
6506_02,0.17
6507_01,0.5866666666666667
6515_01,0.68
6516_01,0.93
6516_02,1.0
6518_01,0.97
6519_01,0.08
6521_01,0.1
6524_01,0.24
6527_01,0.27
6528_01,0.495047619047619
6532_01,0.09
6533_01,0.435
6533_02,0.26
6534_01,0.52
6536_01,0.23
6537_01,0.15
6538_01,0.24
6542_01,0.43
6543_01,0.85
6550_01,0.29
6551_01,0.8
6554_01,0.56
6555_01,0.32
6559_01,0.92
6559_02,0.79
6559_03,0.37
6564_01,0.48
6564_02,0.99
6566_01,0.23
6571_01,0.14
6575_01,1.0
6576_01,1.0
6577_01,0.61
6577_02,0.12
6577_03,0.16
6579_01,0.98
6581_01,0.18
6584_01,0.49
6586_01,0.04
6587_01,0.7975
6589_01,1.0
6596_01,0.56
6596_02,0.04
6597_01,0.15
6600_01,0.41
6600_02,0.05
6605_01,0.97
6605_02,0.31
6607_01,0.31
6610_01,0.40950000000000003
6612_01,0.1
6612_02,0.07
6612_03,0.39
6612_04,0.46
6612_05,0.6558333333333334
6612_06,0.86
6615_01,1.0
6617_01,1.0
6617_02,1.0
6617_03,1.0
6619_01,0.15
6627_01,0.32
6629_01,0.56
6632_01,0.21
6636_01,0.439
6640_01,1.0
6644_01,0.09
6648_01,0.45
6651_01,0.24
6653_01,0.47
6657_01,0.94
6658_01,0.38
6658_02,0.73
6658_03,0.28
6661_01,0.48
6666_01,0.21
6677_01,0.61
6678_01,0.28
6678_02,0.98
6679_01,0.27
6682_01,1.0
6682_02,0.28
6685_01,0.3
6686_01,0.25
6687_01,0.05
6688_01,1.0
6689_01,0.2
6689_02,0.45
6690_01,0.75
6695_01,0.32
6696_01,0.75
6700_01,0.26
6700_02,0.02
6701_01,0.89
6703_01,0.06
6704_01,0.1
6705_01,0.04
6710_01,0.4173333333333333
6712_01,0.17
6714_01,0.17
6715_01,0.21
6716_01,0.09
6717_01,1.0
6723_01,0.41
6728_01,1.0
6732_01,0.24
6733_01,0.66
6735_01,0.16
6737_01,0.37
6738_01,0.28
6738_02,0.79
6740_01,0.1
6743_01,1.0
6752_01,0.14
6752_02,0.2
6752_03,0.15
6755_01,0.03
6759_01,0.45
6767_01,0.07
6767_02,0.12
6768_01,0.24
6769_01,1.0
6770_01,1.0
6770_02,1.0
6770_03,1.0
6771_01,0.19
6772_01,0.7683333333333334
6772_02,0.24
6777_01,1.0
6781_01,1.0
6783_01,0.36
6785_01,0.57525
6790_01,0.12
6791_01,0.53
6793_01,0.8
6793_02,1.0
6795_01,0.21
6797_01,0.07
6803_01,0.12
6804_01,0.49
6807_01,0.39
6807_02,0.53
6809_01,0.13
6811_01,0.726
6812_01,0.13
6812_02,0.32
6815_01,0.05
6819_01,0.13
6819_02,0.96
6819_03,0.7371666666666666
6823_01,0.434
6828_01,0.94
6830_01,0.2508333333333333
6835_01,0.46
6835_02,0.04
6836_01,0.14
6838_01,0.09
6838_02,0.23
6838_03,0.26
6842_01,0.37
6845_01,1.0
6846_01,0.27
6847_01,0.36
6849_01,0.13
6852_01,0.16
6852_02,0.11
6855_01,0.25
6856_01,0.21
6860_01,0.18
6867_01,0.13
6870_01,0.09
6872_01,0.67
6874_01,0.6792857142857143
6875_01,0.55
6875_02,0.24
6875_03,0.6
6876_01,0.49
6876_02,0.8768095238095238
6876_03,0.76
6877_01,0.21
6878_01,1.0
6881_01,0.41
6884_01,0.0895
6886_01,0.9391666666666666
6888_01,0.31
6888_02,1.0
6888_03,0.99
6888_04,0.35
6890_01,0.1
6897_01,0.15
6904_01,0.0895
6904_02,0.67
6904_03,0.45
6909_01,0.99
6914_01,0.26
6916_01,1.0
6919_01,0.51
6922_01,0.866
6923_01,1.0
6927_01,0.2
6933_01,1.0
6933_02,0.23
6935_01,0.12
6936_01,0.05
6936_02,0.17
6936_03,1.0
6938_01,0.8591666666666665
6941_01,0.5466666666666666
6942_01,0.82
6948_01,0.8693333333333332
6952_01,0.92
6953_01,0.43
6955_01,0.13
6956_01,0.18
6958_01,0.37
6959_01,0.11
6959_02,0.8866666666666666
6959_03,0.94
6961_01,0.37
6961_02,0.27
6965_01,0.98
6969_01,0.02
6974_01,0.06
6975_01,0.04
6983_01,1.0
6983_02,0.14
6986_01,0.8183333333333335
6986_02,0.12
6986_03,0.96
6986_04,0.8905
6986_05,0.755
6986_06,0.435
6986_07,0.49
6986_08,0.18166666666666667
6989_01,0.81
6993_01,0.32
7000_01,1.0
7003_01,0.24
7009_01,0.06
7009_02,0.24
7012_01,1.0
7023_01,0.37
7024_01,0.52
7030_01,0.05
7033_01,0.47
7035_01,0.34
7043_01,0.3983333333333334
7046_01,0.17
7046_02,0.29
7046_03,0.2
7054_01,0.76
7054_02,1.0
7055_01,0.95
7063_01,0.4
7063_02,0.08
7064_01,0.55
7065_01,0.85
7066_01,0.31
7066_02,0.16333333333333333
7067_01,0.23
7067_02,0.36066666666666664
7067_03,0.11
7070_01,0.59
7075_01,0.08
7076_01,0.8693333333333332
7081_01,0.8
7081_02,1.0
7100_01,0.53
7100_02,0.32
7101_01,0.3
7101_02,0.51
7102_01,0.84
7103_01,0.0
7103_02,1.0
7107_01,0.4716666666666666
7108_01,0.27
7112_01,0.82
7115_01,1.0
7122_01,0.38
7123_01,0.31
7124_01,1.0
7124_02,1.0
7124_03,0.45
7125_01,0.97
7129_01,0.5
7130_01,0.195
7130_02,1.0
7130_03,0.1
7130_04,0.33
7130_05,0.68
7130_06,0.8766666666666666
7130_07,0.04
7131_01,0.64
7135_01,0.81
7135_02,0.38
7135_03,0.48
7135_04,0.48350000000000004
7136_01,0.665
7138_01,0.21
7139_01,0.24
7141_01,0.47
7145_01,0.16
7146_01,0.18
7147_01,1.0
7150_01,0.21
7150_02,0.04666666666666666
7153_01,0.63
7154_01,0.09
7158_01,0.16
7163_01,1.0
7163_02,1.0
7163_03,0.35
7164_01,0.21
7169_01,0.23
7172_01,0.06
7172_02,0.19
7174_01,0.05
7178_01,1.0
7183_01,0.78
7185_01,1.0
7195_01,0.47
7196_01,1.0
7198_01,0.41
7201_01,0.51
7204_01,0.08
7209_01,0.1
7209_02,0.24
7211_01,0.03
7212_01,0.604
7213_01,0.9175
7220_01,0.26
7222_01,0.42
7223_01,1.0
7228_01,0.8913333333333333
7231_01,0.08
7237_01,0.22
7239_01,0.9166666666666665
7241_01,1.0
7241_02,0.34
7243_01,0.4808333333333333
7243_02,0.434
7243_03,0.4808333333333333
7243_04,0.18
7243_05,0.66
7244_01,0.43
7245_01,0.75
7248_01,0.21
7248_02,1.0
7251_01,0.98
7254_01,0.14
7262_01,0.1
7263_01,0.19
7264_01,0.12
7265_01,0.35
7266_01,0.07
7266_02,0.86
7266_03,0.15
7269_01,0.23
7269_02,0.72
7272_01,0.4325
7275_01,0.35
7281_01,0.59
7282_01,0.44
7286_01,0.16
7287_01,0.99
7288_01,0.17
7291_01,0.32416666666666666
7293_01,0.25
7294_01,0.1
7295_01,0.21
7295_02,0.13
7299_01,0.42
7308_01,1.0
7312_01,0.12
7315_01,0.6914761904761901
7316_01,0.5
7317_01,0.14
7318_01,0.17
7319_01,0.26
7319_02,0.47
7319_03,0.57
7325_01,0.31
7329_01,0.18
7329_02,0.17
7329_03,0.4
7333_01,0.3
7335_01,0.4375
7345_01,0.16
7348_01,0.1
7348_02,1.0
7348_03,1.0
7349_01,0.11
7352_01,0.42
7354_01,0.06
7354_02,1.0
7354_03,1.0
7354_04,0.28
7354_05,1.0
7354_06,0.37
7355_01,0.05
7357_01,0.89
7362_01,0.03
7363_01,0.58
7364_01,0.77
7368_01,1.0
7369_01,0.08
7373_01,1.0
7373_02,1.0
7375_01,0.57
7378_01,0.24
7380_01,0.34
7380_02,1.0
7380_03,0.26
7380_04,0.97
7381_01,0.92
7382_01,0.51
7383_01,0.89
7383_02,0.15
7384_01,0.03
7386_01,0.26
7389_01,1.0
7397_01,0.62
7400_01,0.19
7404_01,0.7683333333333334
7407_01,0.56
7409_01,0.34
7409_02,0.57
7412_01,1.0
7413_01,0.635
7413_02,0.08
7414_01,0.52
7415_01,0.1
7417_01,0.16
7417_02,0.11
7420_01,0.435
7421_01,0.97
7421_02,0.67
7423_01,0.18
7423_02,1.0
7424_01,0.08
7426_01,1.0
7426_02,0.95
7426_03,1.0
7433_01,0.6559999999999999
7434_01,0.26
7439_01,0.29
7439_02,1.0
7440_01,0.48
7441_01,1.0
7443_01,0.5081666666666667
7451_01,0.07
7454_01,0.22
7463_01,0.35
7465_01,0.4
7466_01,0.09
7467_01,0.23
7468_01,0.76
7469_01,0.41
7470_01,0.6505000000000001
7471_01,0.88
7471_02,0.41
7473_01,0.31
7473_02,0.19
7474_01,0.61
7476_01,0.42
7480_01,0.58
7482_01,1.0
7482_02,0.13
7489_01,0.36
7489_02,0.06
7489_03,0.3
7491_01,0.9216666666666665
7493_01,0.47
7497_01,0.861
7511_01,0.35
7516_01,0.58
7519_01,0.3
7526_01,0.99
7528_01,0.45
7528_02,0.6145
7528_03,0.21
7528_04,0.9283333333333332
7530_01,1.0
7530_02,0.32
7530_03,0.04
7530_04,0.22
7532_01,0.3
7537_01,0.9
7539_01,1.0
7539_02,0.49
7540_01,0.14
7541_01,1.0
7541_02,0.94
7541_03,0.86
7546_01,1.0
7547_01,0.48
7548_01,0.33
7551_01,0.63
7554_01,0.095
7555_01,0.31
7556_01,1.0
7556_02,1.0
7556_03,0.52
7556_04,1.0
7557_01,0.21
7557_02,1.0
7557_03,1.0
7558_01,0.26
7558_02,1.0
7562_01,0.54
7564_01,0.04
7566_01,0.56
7570_01,0.4
7570_02,0.46
7571_01,0.03
7575_01,0.19
7581_01,0.32
7582_01,0.6505000000000001
7582_02,0.9525
7582_03,0.8768095238095238
7582_04,0.33
7582_05,0.57
7587_01,0.6
7589_01,0.975
7590_01,0.35
7591_01,0.51
7591_02,0.57
7593_01,1.0
7597_01,0.6966666666666668
7597_02,0.4
7597_03,0.11
7597_04,0.7283333333333333
7597_05,0.35
7597_06,0.83
7597_07,0.09
7600_01,0.81
7600_02,0.45
7602_01,0.99
7603_01,0.7240000000000001
7607_01,0.14
7610_01,0.75
7610_02,0.28
7611_01,0.04
7611_02,0.12
7612_01,0.07
7612_02,0.91
7613_01,0.98
7615_01,0.2525
7617_01,0.23
7619_01,0.40504761904761893
7629_01,0.14
7629_02,0.33
7629_03,0.958
7636_01,0.1
7637_01,1.0
7637_02,0.18
7637_03,1.0
7638_01,0.9204166666666665
7642_01,0.95
7645_01,0.99
7648_01,0.71
7651_01,1.0
7653_01,0.09
7654_01,1.0
7655_01,0.495
7657_01,0.04
7658_01,0.22
7659_01,0.01
7662_01,0.98
7663_01,0.8691666666666665
7664_01,0.05
7668_01,0.17
7672_01,0.41
7673_01,0.32
7674_01,0.01
7675_01,0.41
7681_01,0.74
7685_01,0.8400000000000002
7686_01,0.9866666666666667
7695_01,0.23
7701_01,0.19
7704_01,0.57
7706_01,0.58
7718_01,0.99
7722_01,0.24
7725_01,1.0
7726_01,0.7833333333333334
7730_01,0.07
7732_01,0.12
7733_01,0.06
7734_01,0.71
7735_01,0.05
7737_01,0.8553333333333335
7740_01,0.25
7740_02,0.8073333333333332
7745_01,0.49
7750_01,0.14
7756_01,0.85
7758_01,0.11
7759_01,0.46
7762_01,0.16
7765_01,0.92
7765_02,0.6363333333333333
7765_03,0.35
7766_01,0.34
7772_01,0.865
7779_01,0.57
7781_01,0.27
7792_01,0.95
7792_02,1.0
7792_03,0.99
7792_04,0.24
7792_05,0.9
7794_01,0.04
7795_01,0.17
7795_02,0.52
7796_01,0.11
7798_01,0.16
7798_02,0.82
7799_01,0.52
7804_01,0.46
7807_01,0.47
7811_01,0.81
7814_01,0.44
7817_01,0.14
7819_01,0.6375000000000001
7822_01,0.3
7823_01,0.86
7825_01,0.02
7825_02,0.51
7825_03,0.14
7826_01,1.0
7827_01,1.0
7836_01,0.32
7838_01,1.0
7844_01,0.33
7846_01,0.22
7846_02,0.99
7854_01,0.61
7855_01,0.28
7857_01,0.77
7860_01,0.24
7862_01,0.89
7867_01,0.32
7869_01,0.17
7874_01,0.24
7874_02,0.75
7876_01,0.12
7880_01,1.0
7880_02,0.41
7887_01,0.19
7893_01,1.0
7893_02,1.0
7893_03,0.98
7893_04,1.0
7893_05,1.0
7896_01,0.2
7898_01,0.18
7900_01,0.42
7906_01,0.18
7909_01,0.18
7909_02,0.28
7911_01,0.8913333333333333
7912_01,0.12
7915_01,0.61
7915_02,0.28
7915_03,0.77
7917_01,0.37416666666666665
7921_01,0.51
7921_02,0.06
7923_01,0.31
7925_01,0.47
7927_01,0.21
7927_02,0.13
7927_03,0.09
7928_01,0.25
7931_01,0.57
7932_01,0.41
7933_01,0.31
7934_01,1.0
7934_02,1.0
7934_03,1.0
7938_01,0.23
7942_01,0.03
7942_02,0.6558333333333334
7948_01,0.04
7951_01,1.0
7953_01,0.25
7956_01,0.55
7959_01,0.27
7961_01,0.13
7963_01,0.46
7963_02,0.2
7963_03,0.36
7964_01,0.94
7965_01,0.5958333333333333
7966_01,0.27
7969_01,0.9541666666666666
7971_01,1.0
7971_02,0.28
7975_01,1.0
7977_01,0.09
7978_01,0.87
7978_02,0.3
7979_01,0.16
7980_01,0.2
7991_01,0.1
7991_02,0.35
7991_03,1.0
7991_04,0.97
7992_01,0.27
7997_01,0.3
7998_01,0.58
7998_02,1.0
7998_03,1.0
7998_04,1.0
8001_01,0.18
8002_01,0.25
8008_01,0.08
8009_01,0.59
8011_01,0.57
8013_01,0.71
8017_01,0.04
8022_01,0.38
8028_01,0.04
8033_01,0.18
8039_01,0.65
8039_02,1.0
8040_01,0.7
8041_01,0.24
8041_02,1.0
8044_01,1.0
8045_01,0.3
8047_01,1.0
8048_01,0.6
8051_01,0.78
8051_02,0.92
8061_01,0.44
8061_02,0.27
8062_01,0.13
8065_01,0.09
8070_01,0.1
8073_01,0.7615000000000001
8074_01,0.25
8080_01,0.77
8090_01,0.8373333333333334
8093_01,0.18
8095_01,0.26
8096_01,0.95
8099_01,0.8541666666666667
8100_01,0.55
8101_01,1.0
8104_01,0.56
8109_01,0.24
8110_01,0.02
8111_01,0.36
8113_01,0.63
8113_02,0.27449999999999997
8113_03,0.79
8113_04,0.18
8114_01,0.73
8125_01,1.0
8125_02,0.53
8126_01,0.11
8127_01,0.34
8132_01,0.42
8134_01,0.27
8142_01,1.0
8145_01,0.47
8146_01,0.96
8151_01,0.14
8154_01,0.42
8155_01,0.53
8160_01,0.14
8163_01,0.71
8166_01,0.5
8169_01,0.26
8170_01,0.99
8172_01,1.0
8174_01,0.14
8179_01,1.0
8180_01,0.12
8181_01,0.12
8181_02,0.17
8181_03,1.0
8183_01,0.12
8184_01,0.25
8185_01,0.15
8187_01,0.31
8188_01,0.09
8193_01,0.975
8195_01,0.98
8196_01,0.14
8196_02,0.695
8198_01,0.82
8201_01,1.0
8206_01,0.06
8215_01,0.59
8223_01,0.965
8228_01,0.34
8230_01,0.14
8234_01,0.54
8236_01,1.0
8240_01,0.9
8241_01,0.14345238095238094
8245_01,0.78
8245_02,0.625
8246_01,0.52
8249_01,0.15
8250_01,0.8455476190476192
8253_01,0.27
8256_01,0.57
8258_01,0.03
8262_01,0.28
8263_01,0.04
8269_01,0.72
8274_01,0.41
8278_01,0.6875
8283_01,1.0
8284_01,0.7841666666666666
8284_02,0.21
8285_01,0.16
8286_01,1.0
8290_01,1.0
8293_01,0.3
8296_01,1.0
8299_01,0.06
8304_01,0.27
8304_02,1.0
8304_03,0.34
8305_01,1.0
8305_02,1.0
8305_03,0.96
8308_01,0.31
8309_01,0.04
8311_01,0.12
8312_01,0.93
8325_01,0.8416666666666667
8325_02,0.17
8327_01,0.18
8331_01,0.55
8337_01,0.11
8340_01,0.24
8340_02,0.53
8340_03,0.17
8347_01,0.44
8349_01,0.54
8350_01,0.04
8351_01,0.01
8352_01,0.23
8353_01,0.31
8355_01,1.0
8357_01,0.59
8357_02,1.0
8358_01,0.2
8359_01,0.37
8361_01,0.26
8361_02,0.49
8361_03,1.0
8361_04,1.0
8361_05,0.6
8364_01,0.94
8367_01,0.54
8370_01,0.56
8370_02,0.28
8372_01,0.96
8385_01,1.0
8385_02,0.07
8385_03,0.99
8387_01,0.67
8389_01,0.9708333333333333
8391_01,0.31
8396_01,0.15
8399_01,0.32
8400_01,0.23
8400_02,0.6537142857142857
8400_03,0.09
8402_01,1.0
8402_02,0.97
8402_03,0.97
8408_01,0.16
8408_02,0.6281428571428571
8412_01,0.83
8413_01,0.7574920634920633
8415_01,0.14
8417_01,0.46
8422_01,0.12
8424_01,0.21
8425_01,0.865
8425_02,0.8
8426_01,0.515
8426_02,0.05
8428_01,0.49
8434_01,1.0
8435_01,0.54
8436_01,0.21
8439_01,0.6914761904761901
8440_01,0.19
8440_02,1.0
8440_03,1.0
8443_01,0.97
8443_02,0.1
8445_01,0.66
8445_02,0.55
8445_03,0.67
8446_01,0.07
8450_01,1.0
8450_02,0.17
8450_03,1.0
8453_01,0.42
8455_01,0.27
8461_01,0.47
8464_01,0.05
8464_02,1.0
8473_01,0.15
8473_02,0.05
8478_01,0.44466666666666677
8478_02,0.1
8484_01,1.0
8485_01,0.59
8488_01,0.62
8490_01,0.21
8496_01,0.15
8497_01,0.45
8498_01,0.19
8499_01,0.44
8501_01,0.46
8505_01,0.17
8507_01,0.44
8510_01,0.11
8510_02,1.0
8513_01,0.09
8515_01,0.1
8517_01,0.34
8517_02,0.99
8518_01,0.49
8519_01,0.54
8520_01,0.19
8520_02,0.36
8525_01,0.65
8525_02,1.0
8526_01,0.17
8526_02,0.65
8527_01,0.93
8529_01,0.17
8531_01,0.4893333333333333
8532_01,0.31
8533_01,0.35
8534_01,0.42
8534_02,0.7966666666666665
8534_03,0.75
8534_04,0.3
8538_01,0.03
8543_01,0.66
8543_02,0.41
8543_03,0.32
8543_04,0.15
8543_05,0.25
8543_06,0.08
8543_07,0.6191666666666668
8543_08,0.1
8546_01,0.9840000000000001
8547_01,0.26
8550_01,0.24
8553_01,0.14
8555_01,0.9
8555_02,0.58
8555_03,0.86
8558_01,0.72
8562_01,0.24
8563_01,0.03
8564_01,0.12
8565_01,0.6083333333333334
8565_02,0.71
8565_03,0.05
8567_01,0.19
8567_02,0.18
8567_03,0.05
8568_01,1.0
8568_02,0.99
8575_01,0.34
8576_01,1.0
8578_01,0.11
8579_01,1.0
8582_01,0.6746666666666666
8583_01,1.0
8583_02,1.0
8590_01,0.05
8591_01,0.19
8593_01,0.06
8600_01,0.509
8601_01,0.3
8608_01,0.85
8621_01,0.27
8622_01,0.17
8625_01,0.03
8627_01,0.09
8630_01,0.53
8632_01,0.93
8632_02,0.07
8647_01,1.0
8648_01,0.79
8648_02,0.02
8648_03,0.19983333333333334
8649_01,0.05
8651_01,0.12
8652_01,0.05
8655_01,0.13
8660_01,0.85
8662_01,0.35
8665_01,0.4513333333333333
8666_01,0.94
8676_01,0.23
8677_01,0.11
8677_02,0.66
8677_03,0.55
8678_01,0.38
8678_02,0.2
8679_01,0.5063333333333333
8682_01,0.38
8686_01,0.29
8689_01,0.07
8690_01,0.02
8690_02,0.51
8692_01,1.0
8692_02,0.36
8692_03,0.84
8697_01,0.5023333333333333
8698_01,0.52
8699_01,0.6683333333333334
8702_01,0.67
8705_01,0.82
8706_01,0.32
8707_01,0.1
8711_01,0.43
8713_01,0.29
8713_02,1.0
8715_01,0.9335833333333333
8718_01,0.19
8724_01,0.11
8725_01,0.15238095238095237
8726_01,1.0
8730_01,0.39
8731_01,0.24
8737_01,1.0
8738_01,0.94
8739_01,0.16
8740_01,0.6
8742_01,0.09
8745_01,0.1
8746_01,0.1963333333333333
8747_01,0.98
8747_02,0.21
8748_01,0.13
8748_02,0.21
8756_01,0.26
8758_01,0.22
8758_02,0.5
8761_01,0.13
8763_01,0.07
8763_02,0.04
8763_03,0.6947380952380953
8765_01,0.02
8767_01,0.42
8767_02,0.15
8768_01,0.52
8768_02,0.45
8768_03,0.06
8775_01,1.0
8777_01,0.27
8778_01,1.0
8778_02,1.0
8784_01,0.24
8788_01,0.25
8792_01,0.51
8793_01,0.21
8793_02,0.95
8793_03,1.0
8793_04,0.3
8793_05,1.0
8795_01,0.43
8800_01,0.6455000000000001
8800_02,0.5295
8800_03,0.475
8800_04,0.8
8800_05,0.88
8803_01,0.84
8804_01,1.0
8804_02,1.0
8804_03,1.0
8804_04,0.46
8804_05,0.09
8810_01,0.2
8814_01,0.97
8829_01,0.36
8832_01,0.12
8837_01,0.24
8839_01,0.54
8839_02,0.43
8846_01,0.21
8846_02,0.46
8847_01,0.8183333333333332
8851_01,0.6759999999999999
8855_01,0.06
8857_01,0.8241666666666667
8859_01,0.66
8866_01,0.36
8870_01,1.0
8870_02,0.17
8873_01,0.58
8873_02,0.42
8873_03,1.0
8875_01,1.0
8875_02,0.29
8875_03,0.98
8877_01,1.0
8877_02,1.0
8879_01,0.7392142857142858
8882_01,0.17
8887_01,0.65
8888_01,0.1
8893_01,1.0
8893_02,1.0
8895_01,1.0
8895_02,0.1
8898_01,0.17
8908_01,0.7783333333333333
8909_01,0.35
8911_01,0.58
8912_01,0.6124999999999999
8913_01,0.6537142857142857
8913_02,1.0
8913_03,0.82
8914_01,0.35
8915_01,0.08
8916_01,0.6537142857142857
8917_01,0.865
8921_01,0.91
8924_01,1.0
8925_01,0.09
8925_02,1.0
8925_03,1.0
8925_04,0.87
8925_05,1.0
8925_06,0.04
8927_01,0.61
8929_01,0.28
8931_01,0.23
8933_01,0.02
8934_01,0.18
8935_01,0.27
8936_01,0.11
8943_01,0.14
8946_01,1.0
8949_01,0.2
8950_01,0.16
8951_01,0.43
8952_01,0.17
8953_01,0.32
8957_01,0.22
8958_01,0.25
8960_01,0.9150714285714285
8960_02,0.21
8960_03,0.94
8962_01,0.47
8963_01,1.0
8965_01,0.06
8971_01,0.16
8974_01,1.0
8979_01,0.61
8980_01,0.09
8980_02,0.4
8980_03,1.0
8980_04,0.03
8980_05,0.2
8980_06,1.0
8980_07,1.0
8984_01,0.29
8990_01,0.6
8991_01,0.32
8994_01,0.03
8994_02,1.0
8995_01,0.0
9000_01,0.18
9002_01,0.13
9005_01,0.7116666666666666
9016_01,0.67
9016_02,0.36
9016_03,0.3
9016_04,1.0
9016_05,0.51
9017_01,0.772047619047619
9022_01,0.05
9022_02,0.705
9022_03,0.9
9025_01,0.27
9025_02,0.84
9027_01,0.05
9033_01,0.8
9039_01,0.52
9040_01,0.19
9044_01,0.29
9045_01,0.11
9045_02,0.43
9047_01,0.48
9050_01,0.8913333333333333
9051_01,0.15
9053_01,0.98
9053_02,0.83
9054_01,0.545
9055_01,0.25
9056_01,0.32
9058_01,0.3
9062_01,0.14
9062_02,0.38
9063_01,1.0
9065_01,1.0
9067_01,0.31
9067_02,0.0775
9070_01,0.43
9070_02,0.55
9082_01,0.15
9083_01,1.0
9083_02,0.68
9086_01,0.36
9086_02,0.39
9087_01,0.02
9088_01,0.64
9090_01,0.22
9091_01,1.0
9092_01,0.03
9093_01,0.27
9095_01,0.27
9096_01,0.28030952380952384
9096_02,0.51
9100_01,0.31
9102_01,1.0
9105_01,0.125
9109_01,0.51
9113_01,1.0
9117_01,0.28
9121_01,1.0
9123_01,1.0
9133_01,0.4520476190476191
9135_01,0.165
9138_01,0.08
9143_01,0.02
9143_02,0.21
9143_03,0.14
9146_01,0.18
9146_02,0.09
9146_03,1.0
9147_01,0.91
9153_01,0.515
9154_01,0.8533333333333334
9155_01,0.48
9155_02,0.32
9155_03,1.0
9155_04,0.93
9162_01,1.0
9162_02,0.19
9162_03,0.18
9166_01,0.99
9171_01,0.61
9177_01,1.0
9177_02,1.0
9182_01,0.11
9187_01,0.73
9187_02,0.15
9191_01,0.46
9198_01,0.15
9200_01,0.31
9204_01,0.21
9206_01,0.67
9206_02,0.18
9206_03,0.96
9207_01,0.53
9209_01,0.24
9210_01,0.05
9212_01,0.09
9212_02,0.82
9214_01,0.11
9215_01,1.0
9216_01,0.12
9223_01,0.96
9223_02,0.97
9228_01,0.11
9229_01,0.18
9232_01,0.07
9236_01,0.67
9238_01,0.5773333333333334
9238_02,0.24
9238_03,0.93
9238_04,0.09
9238_05,0.7463333333333334
9238_06,0.9213095238095238
9238_07,0.1
9240_01,0.44
9243_01,0.18
9245_01,0.05
9249_01,0.54
9255_01,0.59
9258_01,0.93
9260_01,0.35
9262_01,0.45
9263_01,0.76
9265_01,0.47
9266_01,0.75
9266_02,0.19
9269_01,0.42
9271_01,1.0
9273_01,0.44
9277_01,0.29
